"TrainRMSE","ValidRMSE","TestRMSE"
0.00525593381285729,0.00708762122072028,0.00569017887049975
