"TrainRMSE","ValidRMSE","TestRMSE"
0.00405789438957465,0.0060037991796675,0.0048107133412337
