"TrainRMSE","ValidRMSE","TestRMSE"
0.00362463448326727,0.00569446695546777,0.00458645101026672
