"TrainRMSE","ValidRMSE","TestRMSE"
0.00339777451837281,0.00563732940989827,0.00457679849899311
