"TrainRMSE","ValidRMSE","TestRMSE"
0.00290889839449745,0.00459561246335562,0.00450557916459781
