"TrainRMSE","ValidRMSE","TestRMSE"
0.00583429097612119,0.00746403394530759,0.00609383535049173
