"TrainRMSE","ValidRMSE","TestRMSE"
0.00652809568652377,0.00787082864670585,0.00609868956011866
