"TrainRMSE","ValidRMSE","TestRMSE"
0.00654349114181189,0.00778955927957137,0.00609424194834831
