"TrainRMSE","ValidRMSE","TestRMSE"
0.00686644202376916,0.00805662747152085,0.0062866941616176
