"TrainRMSE","ValidRMSE","TestRMSE"
0.00422167040376538,0.00640161857654105,0.00491894634775589
