"TrainRMSE","ValidRMSE","TestRMSE"
0.0042334348345523,0.00611390085573185,0.00474915893388222
