"TrainRMSE","ValidRMSE","TestRMSE"
0.00411831710057923,0.0063856111984702,0.00502963303196256
