"TrainRMSE","ValidRMSE","TestRMSE"
0.00407279617861416,0.00633267043850096,0.00498975995386294
